mouse_speed,mouse_jitter,click_frequency,typing_speed,pause_duration
2.3973713224089863,0.9051933359925455,6,65,0.812037280884873
1.8893885590630524,0.27159397236982286,4,119,2.23235229154987
3.263370252405913,0.1226429437253827,3,74,0.9246782213565523
2.613947783322327,0.30000746392781064,6,77,1.1084844859190754
2.7602957459175226,1.171131070725605,8,106,0.6812128690656416
0.8189362454763187,1.181553974387467,2,47,2.219880813472641
3.1895847664377603,0.8483382924465576,2,83,0.5265299223197331
2.0761006274537093,0.5239581527939077,3,97,0.961787651244298
2.5317234741998815,0.36512801262861283,5,115,1.7199933155652418
1.705463246925167,0.5301666683305648,3,48,1.123422152178822
2.300451707072555,0.6720748232955918,3,48,0.8697089110510541
2.5907732639963283,0.19734175225711142,8,106,1.1506606615265287
2.137094624951976,0.5275450186584302,3,97,1.6735023313276964
2.077133183224207,0.4035991002247977,6,59,0.830533878126005
2.3352816844781144,0.11720004741531333,2,45,0.8974313630683448
2.824799617996761,0.9483973813545402,6,85,2.3299193510875615
2.7450240952929588,1.035042435568779,5,78,0.6908202329808226
3.175153028345914,0.8325145922792462,5,79,1.4444298503238986
1.1008813323679707,0.23155367053213186,7,47,2.021570097233795
3.1963474023067793,0.6431751560008298,2,59,0.7217816416236627
2.2705450015946558,0.5832701520523471,4,107,2.291527191347039
4.1068225764897,0.8650676950687402,6,67,1.7088347585556345
1.1799272889513082,0.6938252004318404,6,80,2.385707141115962
3.298336399473099,1.0685146229167835,3,89,1.091267371675428
2.6589864615801133,0.21604368581329766,5,72,0.9368808744336672
2.7701130319997618,0.4567795231058013,8,106,0.7201038490553535
1.8322460505304015,0.3507286787961358,7,47,0.5139042610623814
2.276414355111013,0.2851201463902236,9,96,1.227259204758588
1.9851593563906877,0.43096614079844664,2,100,0.5737738947090656
0.6611963024078213,0.7705207673778864,3,98,0.5661014658010968
2.9896128583491692,0.8487759967102434,6,88,1.3955663291461833
0.858816892219558,0.7081823979784606,8,112,0.6617066526654305
0.9424984394932487,0.9834537320178853,6,114,1.2976488848891061
1.4654026406940701,0.9980750605413222,9,117,1.1415601299434717
3.3652839629427698,0.11824661182064178,4,63,1.1973319745834587
2.6988715325083033,0.20579420620056282,2,77,1.2951440421750446
2.999152559311929,0.8432591287432086,2,94,2.3493872365571256
2.05251932648898,1.065073288719079,4,51,1.819968092068358
2.1819679476833036,0.682615636191607,3,45,0.6862055356117984
3.0457142034259426,1.0869373337486594,6,76,1.7662029145465359
1.0104394312975344,0.8985512467572632,4,64,2.2741728485302346
0.943634709532579,0.9578631004433861,9,119,2.3712699884418953
2.5224386488398087,0.7387552835801,9,69,0.5101231676924374
2.8821499723701693,0.2768888565592485,3,110,1.8837903953853865
1.046957202237881,0.8833971434822894,2,58,1.1507993963185355
2.5252428869070638,0.9211405456298264,9,52,2.198446820988356
2.657648127995592,0.2030422446109017,4,66,0.9879792867581672
3.517434386123158,1.17031161022769,6,95,2.2840931103542266
2.967505576549307,0.6529008024157112,5,108,2.2283351301438064
2.4303680029535966,0.35320379506571076,9,63,1.6440083984183662
1.990733344174405,0.4075163759764344,7,81,2.3566371251754505
2.1524789640916184,0.5710025631490457,6,104,2.20601891093472
1.322565025545276,1.0362503386685424,9,111,0.838985493372185
0.7881222202513083,0.7124813887041851,8,98,1.892059593349946
1.2929140510390935,0.7765079493690866,7,67,0.7801680304730481
2.1229800847564224,0.6701626176001103,3,61,2.197339589849349
2.3349115753380816,0.7081019745986984,3,70,2.1202267893583615
1.417456600509333,1.053779550438114,6,104,1.5226847977218756
3.1498850626668218,0.8149603238555415,9,60,0.6015370620787939
2.0058450981925056,1.0752788638457258,8,110,1.376948246036174
1.0398946098158692,0.27054577840051863,7,66,1.6816665211380215
2.961104355374153,0.13355027493295438,5,86,2.1452011213193165
1.2855037810966214,0.6744675860602847,6,104,0.9316420549936864
1.732146202084213,0.7851795234009001,5,50,0.6033634423372154
3.91122876591397,0.8011728916480271,5,60,2.451704158925069
3.4747310066564268,0.6679303831313147,7,63,2.090372389537407
1.6444010046246538,0.18630201947649255,6,106,2.1719602410244114
0.6646941127275745,0.8655716267030676,6,45,0.8465886401416916
1.620043751071235,0.7041493311767324,9,45,2.409730561326388
1.4773366139410304,0.9116866083653452,8,113,1.7234414924687045
0.7845040272367891,0.49156994651638775,6,101,1.1837593334328032
1.6126127417069989,0.20097897239478607,8,106,1.9073157187600474
1.2584556227375336,0.6407774626285155,8,77,1.4293476258792228
1.95237971515056,0.8147510509070396,3,54,2.3982914631827716
1.7404836419460803,0.11683499431942324,4,102,1.5020797678305184
2.4196872005044074,0.6933151932400686,6,48,1.7317023287798277
2.2752545051216178,0.9810442241506395,5,94,1.6467340833438666
2.740986034308027,0.24135038855730118,6,95,2.1412789514879105
2.909613934906766,0.8166332490435667,4,88,1.0479222546422675
2.357512115819254,0.3360480316792115,7,46,0.5779262646204673
0.7650196778464831,0.8212948989188162,6,70,1.8632273379455795
2.8935147521613427,0.47468702641066396,4,51,0.7363296552433125
2.7616088750773558,1.0652192148797581,5,65,2.435161103040495
3.1620401979698967,0.7027690715728959,6,117,1.6370405674999167
3.2886562475140018,0.24045870236471215,2,68,2.234233214419444
2.422368341621179,0.7180533613581509,5,99,2.0017421355829947
1.6736677177829633,1.0928081973475232,7,57,2.291046456992401
2.209298444777973,0.5281218466075793,5,105,2.3107639528385273
1.783167630169166,1.1450681637558853,9,96,1.6468757762465722
1.5095242536732978,0.795020933386779,6,113,1.086421543396129
2.963938337422859,0.9276119823814479,8,60,2.079236285589108
1.0426716246291823,0.2003267133535594,3,102,0.6151175200332886
0.32798580109577635,1.0764746010341297,4,119,0.7341340328552117
3.4163452132533747,0.25729085025811943,3,102,1.7364361266325221
1.6533572744779519,1.0040460652193917,3,110,0.6626975612837995
2.163058182021974,0.1933214854937111,4,52,1.2485415915122406
2.923483470727139,1.1419734351222446,2,89,2.0067563705178832
1.6180946155397433,0.5138855440840073,8,63,2.0542938318548734
0.3703392520222888,1.0969898236042095,8,111,1.0073643477462775
3.256025824434138,0.5457222954595587,7,102,1.9819477218213366
2.518046487210971,0.9186328226376276,4,106,1.3004457857440497
2.4288212279238865,0.6254863799682504,2,100,1.5567402425944183
3.087053306666183,1.175690735629698,6,105,1.1453727765551673
1.7709227870672644,0.14774086162799005,6,119,2.338231430557319
2.6748592182242756,0.18297800179874618,8,93,1.8914973779692343
1.146942817408025,0.5999951712445505,6,98,1.6686286238462005
1.9112544514963918,0.7821458575816903,9,80,1.4273968098799643
2.7810473011848824,0.48868745082865805,3,72,0.6554692739299697
2.2734047806217275,0.44048037791496053,5,73,0.7663702504474994
3.500936671372709,0.18382041755907946,7,113,1.7268303918715797
2.560194362689935,1.0526702784504491,6,49,0.552733948994504
1.8941604448460299,0.5141097035658545,2,62,2.474552258629889
2.2363820195385467,0.5189799422941236,7,103,2.1842378462714174
1.1221233051466732,1.0221615751822515,3,45,0.5273439296539946
2.1749464738209126,0.6877809025324093,6,47,1.610863411205255
1.612499446424557,0.9458861566985615,6,118,2.1992947813548227
1.7495810334268476,0.24207535666664448,4,89,1.71234926890176
0.720701221970014,0.351507086053809,2,76,0.5937929355824398
1.7853895504403898,1.1647711419838054,7,101,1.6799117942752722
1.4759317729407373,1.093466164544289,9,82,1.7161756990837704
2.6586820130231725,0.2001023001564633,3,96,1.5948926137982231
3.641962193396392,0.5960014921577148,8,74,1.744173400455747
0.6372940485158762,0.6050493318620873,3,50,1.4852361879857392
1.955561840882705,0.46162677131625895,4,87,0.9802912375563861
2.2932785968774785,0.30006809283905933,9,69,2.2935768198120234
1.2480961709381158,0.6213578042891595,6,76,0.8446397424032597
1.5757939053020473,0.2947115327044215,6,114,0.7412717422012016
1.3657017341901247,0.6068566448359982,3,90,1.228539722096151
3.5717801063331116,0.14324335382520884,2,91,1.7558007789818155
2.028210841577383,0.1899349351437591,7,107,1.2545719304841452
2.145205582101848,1.1848826954534966,8,100,1.4690459703820427
1.3798145650658498,0.7800802486833255,8,46,1.994941876267513
2.4612455704446132,0.6628451863272327,8,62,1.3948247336469093
2.2490001236348287,0.6858789931005254,8,108,1.038486461898762
1.8504759019516728,0.45428708214149605,8,88,0.9664328230996024
1.9617672981011696,0.47721955070608624,2,112,1.2102086065586095
1.761515784517628,0.7426194331855861,7,78,1.6154845319008748
3.7382738362986445,0.7451889781268349,5,86,1.067551811597449
3.1165855487428513,0.7278561351358029,9,103,2.4730304975859596
0.9522805679904813,0.7663523012925758,2,97,0.7035649452408075
1.6335120777348988,0.2767495105855112,4,106,1.0701903373876942
1.4992056557964797,0.29071095482423026,8,53,0.6604674913232844
2.5477137612441347,1.1664174766029056,5,50,2.450134325890285
3.4361316453111708,1.0029476204686878,3,119,1.6432253789397997
1.9403938827750618,0.40797700302631257,5,49,0.8740874971150467
1.3893926747659866,0.6583714165529004,2,56,0.7296736494784071
0.5560943194683847,0.7716820466857958,9,82,1.6624764428452246
1.9471361610821467,0.6858483758067444,2,50,1.1732085563878412
1.0311870401900345,0.24785614463287164,8,54,2.4799204647798905
2.8050342473715526,0.3801047202401402,6,117,2.020455719779373
1.538486504381481,0.7552026146686286,9,82,1.323681828294537
2.461657701744432,1.013681348566502,5,94,0.7485944469710895
1.837563691165606,0.9039542227240086,2,78,0.8624661323313203
2.06927182997832,0.731920424497903,9,116,2.1558817743549836
1.8754582116863365,0.9255521172418447,5,74,2.1502653533855947
1.5409969597534683,0.7971344200921948,7,48,1.1323931645929892
1.455404580343557,0.7471373433745623,3,84,1.4038972025980785
2.442026521877952,0.7865116986000212,2,67,1.3774893507766781
2.2364403607833223,0.7352348979967381,2,110,1.5871057222279772
2.188491646486853,0.22858784477920047,7,111,1.7554161061428357
2.6166921551095736,0.4683961761227947,9,59,2.2572582307468765
3.3646598874701485,0.7304659341831274,6,82,2.004806240077645
1.9741357992599087,0.8776785073678048,4,99,0.7862559710969392
2.526964100567803,0.6433796358439489,3,82,1.5729627029691895
1.2726739063319006,0.5167037221126072,6,96,1.2945745811207345
1.6445653919391108,0.3521765347559056,5,89,1.9400730730921487
2.3018403944358816,0.8052623961738269,4,80,1.5854488866951923
1.3809686407171415,0.29975748848156825,3,82,0.954701966059974
1.0042762373508665,0.5659565486625311,3,90,1.7299005263053089
1.7849326585638596,0.8987051446686407,4,112,2.080169274248173
1.6481085699076659,0.12532486526640127,8,75,1.7134300927657118
3.2745493013115174,1.1278037162459162,7,55,1.4016787428082642
1.591027458855052,0.2245618504248308,6,80,0.7493253624065337
4.0309528813899895,0.5389029742571433,2,97,1.1703944832918018
2.419162133686235,0.9831387934578124,6,70,1.1669983433822884
2.6817971912242147,1.1118411780540365,3,51,1.1939064037924554
0.1434101008174955,0.9112513729207231,2,87,0.5656933404868767
1.8472708068893255,0.7353951495007018,5,114,0.56775832049319
2.2503793214534813,0.44262048824603306,6,107,1.0551743452588362
1.4620257205035876,0.6666910506474938,2,93,1.6146107377800958
1.4759121862472542,1.0466952196798072,8,105,0.8689257428377122
1.151793380843104,0.5370499270033576,4,100,2.2961085788814275
1.1056438749064395,0.32565360453020786,6,93,0.5730993356961898
4.055941471752267,0.17227950337118758,7,91,1.5552954602895717
1.114316436319983,0.6879014803829715,2,82,2.0307125621324813
1.7610897665611855,0.18305370018427813,4,76,1.0446037094405989
1.427352104905106,1.0871734508007727,3,99,0.8123051947323807
2.748542714517969,0.12980559175383183,8,111,0.9621495931761428
3.017244075995327,0.8390820179586012,6,116,0.7082171639691477
1.580383786976181,0.818020718637062,8,52,0.6988827855186903
2.3914996489823346,0.3674894100993995,7,76,2.2113929362125715
1.711227067344736,0.8348936502277107,6,58,1.0862954605220265
2.9274638426913984,1.0859694003732316,8,118,0.6710170617089362
2.260906417793694,0.5635670056517477,3,45,2.134887123476882
0.9991091388917577,0.47599908686766357,3,46,1.226118424390181
2.948168233208712,0.4990336841325399,6,88,0.9390210501619174
1.4639686451557226,1.172001991718757,5,68,0.7284758518407937
2.2275780713356323,0.6181719979631958,9,58,1.983373888457331
2.0308412122807136,0.8687304384769947,2,117,0.7787121481456483
0.9692420961941401,0.3995380591713058,4,114,2.328597613120998
2.0806539378032416,0.22952619117915524,5,85,1.048110441374412
3.6044592365119628,1.0127159840779216,8,71,2.30003728369621
2.57407326383444,1.0612790853187666,9,56,1.7661961267148951
4.208609548580947,1.0219176594961252,6,106,1.537835410565675
1.8274515784789942,0.15166256345256054,5,98,1.9760672328527409
2.1494134115816625,0.369884020649453,6,55,1.0773874735413997
1.395693654117342,0.491239988111444,2,103,1.09424343124635
1.2404808889344454,0.8300382818989128,7,66,1.9651441944205006
4.105905651869913,0.3364344164498324,5,64,0.8240277557831692
2.1887998053418647,1.150759943995827,4,117,2.041824407491644
2.1861410863310358,0.21725807844714898,2,84,1.9563775124072067
3.5800218829046253,0.5783100724641208,8,79,2.1382046353483997
1.9621882778967925,0.9793574668658771,5,95,1.0442902744599254
0.5897064569031678,0.20074028065929755,4,93,0.7736372618379228
2.9153081620931345,1.1452610892028827,8,91,0.6734104237243672
3.0276264271471156,0.8965136622004524,9,114,2.4611536003599763
2.5512289625719777,1.0937001938996274,5,59,1.8863504229138495
2.115949931824945,0.14858198148111018,9,115,2.4987069991316697
1.6940135860335266,0.7113872395808976,7,51,0.5678919571715977
1.1351547676733902,1.1168358149141835,3,103,2.388532978226868
2.842522282666323,0.6216356383232101,7,83,1.4102873700723122
3.752852804447774,0.8151840854875508,9,104,1.4621237676881729
2.2720541044201847,1.073498192175609,4,84,1.3820643234963232
3.1553384628391745,0.9843746773409873,5,69,1.97571153381305
0.47639034250786283,0.672184920866605,6,86,2.2533307557248987
1.1247167196012424,1.1893754446759548,4,57,1.557874268054424
0.10270746818760479,1.1329744683641858,4,83,0.5189708672569961
1.9805781760864465,0.7388329279500604,5,54,0.6833986702228603
1.5558208006969907,0.4700075102112642,5,49,1.9645436143692903
1.992908781874898,0.42670316410037035,3,112,1.9311066304684839
1.8922617967339217,0.7480193879179842,9,109,2.320678204115069
1.2372326632224788,1.1520572673153675,6,105,1.0179653032036273
1.7799008109223404,0.7474096518705698,8,100,2.268397956263006
2.665234206167426,1.188103400794695,8,96,0.629972818965788
2.1660901505824515,0.5417382600680362,6,107,0.961138391610038
1.8974307791239113,0.140405131169275,3,47,2.1524113915879317
1.599088026177144,0.9808466558428625,7,91,0.932648046073107
4.001358570288355,0.677534650946295,4,79,2.0164769514081824
2.3756966315004036,0.8656226798591713,9,47,2.1316662499812358
1.4358314109361752,0.6906718651827548,2,112,1.6601724156756223
1.437103949658843,0.20063552113753036,2,100,1.0312000851774121
2.4347992822314737,0.7059431076700532,4,82,1.0195075675206524
2.8668877231243766,0.8957621250574433,3,62,0.6620924318152959
2.5558088246772317,0.1837439454393302,2,84,2.265812538274923
1.151338563332723,0.6676869224879782,4,102,1.6426378838391482
2.4357339554547117,1.0509421683380833,2,50,1.5425206243608298
3.613510035349533,1.0549768844567016,5,103,2.2345884019196047
2.656385744957891,0.8672186078362119,3,107,1.8979814760791753
2.405819224885838,0.3081436937635065,6,89,2.243687055490464
1.7037413051221626,0.9178590819207685,8,46,2.1642683559154836
1.3331528101765864,0.6582145071369198,8,110,1.0740762663498256
2.1528792544159225,0.7949948797183352,8,104,0.5181448093054499
2.0371492385249192,1.0005473625498258,9,114,1.0666858965311632
1.96286370340688,1.0241336530153407,5,104,0.8589946468476668
1.7360682118932207,0.929068717455571,7,112,0.8475069506151336
2.392335657362213,0.8794292050628922,7,109,0.6158409211175966
1.5169758087503449,0.1821638595336394,3,94,2.480296745501294
1.5307615291829255,0.8123310077420982,5,51,0.6312522891480259
3.5286436707670283,1.003664242148185,8,76,2.0408148356155866
1.5558403786454413,0.4009893329098324,6,48,1.352362604471946
3.504925655552472,0.5965257267626429,8,59,2.0896190974998587
1.1830137462954293,0.19061915017742698,7,66,0.7626702528187561
2.5666851578394825,1.054859754785522,7,100,1.3646696020852038
1.908327759753625,0.802378542430494,7,63,1.04843040469734
2.506614001842861,1.182375412755811,2,102,2.288198407358269
1.4313024556710072,0.1342474911729625,2,68,1.2370526874475223
1.4647031351098856,1.0507940748236007,9,71,2.4363868558294435
2.215735485917657,0.9542565380709158,8,71,2.1895664562337753
1.8159548515228938,0.9371263900372987,4,108,1.0883359466869558
1.870699403630023,0.10135501868306848,8,61,1.7146128965253424
0.9269802631853707,0.37229395116371267,2,82,0.9510802848874709
2.355724148533567,0.45851801034728235,3,116,1.1207239178471475
1.2037157088607864,0.6007421639899813,9,65,0.6448937755891178
1.6381549446007386,0.760022602931234,9,55,1.889963772253085
0.060896538696834535,1.046134636908125,7,85,0.5792376506967143
1.2264190854966297,0.3662495174487802,2,90,0.7849910858030265
1.9618309150864162,0.6487769687964916,7,64,1.1920331352896791
2.0500021865995808,1.0707868344015599,7,77,2.1490280937936674
1.3756207949397252,0.4935814860210984,8,110,2.4549327726295713
2.5056928810147023,1.003584800810853,3,88,0.7091356806688005
1.2169866817109973,0.8000732744980003,4,50,1.6895532747538722
3.180682624389828,0.42871947497104523,5,52,2.3947009252620775
3.218947359552484,0.7878351262353425,5,106,1.724515971762316
3.692604577533324,0.7083015978511542,7,102,2.067665106837724
1.8357962963087309,0.6289942145938833,8,85,0.8279989619789945
3.348518641135332,0.7526065131411965,5,57,1.4585578571525746
1.6317636446449226,0.777316224136467,4,99,1.4403651853933301
2.45695513645437,0.5770208673520277,9,95,0.8233450882936053
2.3002010044949746,0.12294725322069192,4,66,1.1646292507102178
1.608240420377352,0.18967913850766938,4,79,0.9411222498446465
4.475239212496762,0.560239767534418,8,51,1.4252459134786326
2.3193784980842236,0.9169771733199791,5,81,1.1918699850939258
2.517756751762193,0.5081426392830629,5,104,0.580218382824965
2.1795614548479776,0.5824769611085494,6,110,1.6954471305117287
2.8376786420897235,0.9722517040661945,8,86,2.4842666326813445
1.2894313956422017,0.5222318670545758,3,84,2.171996127562419
0.9095682731591028,0.3593713033551308,3,52,1.3106203661714868
3.3279580821802304,0.5101335009078278,3,81,2.2087701867391583
3.020515586100619,0.6415056420928382,7,104,1.310041598160643
3.2338047568387998,0.8288834069091523,8,114,1.8042464910608758
3.4435976706892877,0.4433628623660918,5,110,2.2159725078454118
2.0135080467359163,0.7585853781101182,5,89,0.9740557142166724
1.9249876403818633,0.35814144208770615,3,111,1.384048747565715
1.5269574279263753,0.8363294416052973,2,45,1.3988676704274754
0.4382518228772445,0.7466728082214256,5,45,1.0050555641508385
0.9627985860153367,0.766091973409371,8,81,2.063580659690059
0.7899235993289473,0.8759241535234238,9,72,2.228432355348338
3.267202884450957,0.137606542533074,7,46,0.7459416170592534
3.846233355996855,0.3542440036704112,3,73,1.7800059336738274
1.5009038431919035,0.19741114264556553,2,95,0.5831457181007842
1.5706091678067924,0.2631775210582977,6,87,0.5347595803709593
0.7644284051148258,0.6739030512998344,8,88,1.5644899776525982
2.4027432660815022,0.23831566298731371,7,89,0.7870847240787857
2.0510850410673145,0.278620084128553,6,45,1.9616589497417527
2.0964719471125686,0.27178022927139134,7,49,2.426693665640798
2.6441541398247583,1.1764944161405835,4,118,0.5350319817241245
1.0248219819710989,0.36856201946461165,3,52,2.2292176719100736
1.6783721517238206,0.9750614088660433,5,77,1.7012190850924722
2.2232243403700314,1.1349628919718713,7,97,1.8339430339818146
0.5192477136837856,0.2752161897670856,9,114,1.136223107236239
2.754771073492294,1.05308253428041,2,92,2.004855525231145
1.7904268509451575,0.22002059494232468,3,48,1.8351867711271694
1.5938561740274704,0.9886305361353843,3,57,2.095627297717269
3.0318052227002994,0.23222996090766929,7,115,0.5115173209962431
1.7908800600359018,0.4570444128902973,5,115,1.6268778546969176
2.699867550615305,0.7561340224839637,9,79,0.954539254526303
0.2744154842402615,0.180515516145288,4,116,1.8364255971100325
1.449479723857821,0.5177643581971527,3,116,1.538163570272436
3.801948644275447,0.627100065392704,6,70,0.7178366836934629
2.071686527942087,0.37067662467779805,5,59,1.2887306476367004
1.054884813360959,0.7043556622734986,7,87,0.5364651653527233
2.6071428718294123,0.3678305262339292,4,95,0.6205347805791217
2.2249531391755006,1.1278796294860658,7,63,0.702841656898433
0.6456345486436916,0.41336019215811504,4,73,2.106051795665327
1.9213282985642002,0.6930774043427799,9,80,1.935271571817259
2.2529600609636486,1.0054914171552263,7,119,0.7464453083443321
1.9468876767254908,1.045357372608648,8,57,0.869170259074066
2.759151991870075,0.3037512912021506,9,80,1.3490548503927238
1.4703099865404723,0.1957428588464245,7,45,1.2470193660767752
1.1985853771482762,0.10284241632948063,7,65,2.268412926696816
2.0547770948229362,0.3508877491438257,2,59,1.7219619777019834
2.919535782610972,1.0900254357378123,9,93,0.9737411179489641
1.7592767845109127,0.9585780667682479,3,68,2.1452286370273566
3.4556584373589248,0.20508884521813497,5,118,1.4035353574744582
1.337444814987389,0.7452693094930214,8,93,1.9737474898883642
1.7167138868416105,0.2052860110721779,9,81,1.783943000886532
2.3628302669961405,0.7678034396976587,9,55,0.9638941922319508
3.167594882706817,0.6464435447450863,3,108,0.7728795051134663
0.6517512489904476,0.8646590094523531,4,86,1.3563992298512295
2.781107162769682,1.190381593072407,5,90,0.7082192987683327
2.883239309186683,0.8967726988416151,3,76,1.0483213331196117
1.119376573730652,0.490495936415131,5,57,1.5381195818165407
1.4309611001915696,0.1743738199514364,6,88,0.967424163820866
2.8248503311904427,0.8159651059519135,7,88,1.1486675062307512
2.086834140822751,0.46630210436401764,7,46,2.488278722442335
2.5559983206215,0.9037155612631705,7,52,1.6609500134333492
3.5572342700118122,0.19764413351854532,6,75,2.0096756398816957
1.738530965550292,0.5649580247358085,8,60,0.5024733595188189
1.04819076661432,0.43093841918858056,9,47,2.3543556389589053
1.5728727189465601,0.26765761466345916,6,109,2.1840665887528425
0.8742847790280668,0.6730537749992463,7,66,0.6782488642320332
1.5780245411089149,1.008674393277781,7,58,0.7352980569471173
2.2893412683389243,0.3500930301057086,6,110,1.2618190510219744
1.0237460982273796,0.6606966714268678,4,96,1.0594070769429584
1.4250544596453762,1.1366257210124564,3,99,0.8235284227042192
2.292240794417431,0.7232328983885603,5,56,2.3611904292878325
3.1216577177742746,0.2280030376740237,3,89,1.2612465869531602
2.4547528050049237,0.43514705300784484,2,59,1.305960357530323
2.4796752906251953,0.2908769664851595,3,79,1.192199453075571
2.040428652475205,1.004728619997797,2,98,1.127455382388192
2.136397788032345,0.767008038876713,2,98,2.158664810282567
2.2295339429378584,1.0077208441571248,6,52,1.4564680460961446
1.9075023080340356,0.6567183103314258,8,112,0.6599307887186039
1.6703420354529683,0.753719825617952,8,64,1.3790233772658202
2.2413561079568325,0.21623115268791832,7,76,0.9320763650191992
3.224600665874958,0.2672273384415129,4,49,2.0615231721368796
2.975009481357853,0.6057804661462521,3,55,2.0085070886877263
0.8032974415556657,0.5733708952598132,2,65,0.7427698788448578
2.7056838257927027,0.43360266232435507,4,51,1.8843226833882638
2.012549371036482,1.1963665392382745,2,96,0.847505191324589
1.4170146549004774,0.8212960398178218,7,94,0.761420753480399
1.8971940153153555,0.31408476300284155,8,71,1.328259505057854
2.7914955506257053,1.0102916851235617,6,49,0.5220625288572944
1.5387916794186245,0.12111150450536236,8,65,2.0205796462442702
1.9877521206616036,0.22070981854525384,5,55,1.4087546691199218
2.4634331996808707,1.0287927910135775,8,70,0.7543995253748992
1.688322714512966,0.8168817127020651,4,96,2.2191304632938915
2.4430666654252366,0.5316330936813219,3,57,0.7662900083561939
2.233159938569445,1.137114255554588,3,104,0.6528337188761029
1.4154544289569755,0.40730448532818797,3,102,1.006116865601569
2.4705599479774856,0.6449973138070799,9,103,1.4002488648395193
2.4069345996697087,0.34966116380190054,2,104,1.4012393134595158
1.9759076263199202,0.15261390243351602,9,87,1.8180710684073615
2.207374414674608,0.9823436139403461,4,68,0.5711417340710967
0.052878194761572184,0.6081416303380512,5,55,2.4414999153413404
2.148613993669417,1.136546928640512,4,72,1.2096827205137808
2.9952271585078893,1.0135879020453238,9,108,1.3485937717697762
0.23747163133931037,0.19087942980519557,9,52,2.038446295676267
0.862551466606525,0.3262559884151106,2,80,1.7300259360777333
3.201066921564389,0.9520971587015666,2,106,2.2916291947437637
1.3751836565880873,0.6217697208968352,3,57,1.664845316414493
1.7035949586483847,0.9228804973724852,9,76,1.8129572146630053
1.7080378163656917,1.1208920043586548,8,117,1.2443340476750266
1.3286322661287948,0.5752845712386155,5,66,1.047582615028213
2.168456027166772,0.6456526225478751,2,65,1.0718135784783203
2.4099996417772136,0.9975416328654788,8,83,2.193028677380556
1.8663026289708708,0.930546121620906,6,52,1.996383811957995
2.22606396039064,0.7135945480621768,8,119,1.140119665041967
1.3372297848258174,0.6935118425450555,6,46,0.7634575469091238
2.7274720144843005,0.898577900983825,4,94,0.9270227326213438
2.9906264571469086,0.9060816992428755,4,81,1.6806953809175458
2.0170172613888493,0.6591966016079078,8,63,0.8031387431753472
2.1301359991980258,1.0648522856625442,6,52,1.4231149488395798
1.3149547444454806,0.11026478180980263,2,49,2.262901559350043
1.3155909136173973,1.0677981345361325,3,54,1.9846961011450184
1.5033238245738858,0.9966302229284045,4,71,1.8757682197598302
2.54925280492125,0.6765750877987784,3,102,0.5706227098804781
0.22941812157853492,0.9203071610043553,7,78,2.0173527802220095
2.9010934887964845,1.0261674086463795,7,100,1.5041004269768943
2.627226544372083,0.2371854626025295,8,48,1.944141876405474
2.1797477806015086,0.5306782679956122,6,98,1.8912362929936137
2.746072665498472,0.10354008996470655,7,90,1.2109860208827148
1.5585134832860426,0.80655807849575,9,102,1.6229691759190474
4.046559428534602,0.7167261038577879,7,68,1.8529358744527245
1.500168362452758,1.0075543511980682,2,107,0.6541165582686623
2.6622800767699344,0.16440602216837713,6,74,2.463938380892291
2.4426181511607594,0.6723262346105193,6,99,1.9710112129750752
1.6049920461116352,0.3594433590580558,8,91,2.4966950227858993
2.1518782689699716,0.5633728586234792,5,64,2.071303236160464
2.4614064529544577,0.23016981001572603,7,91,2.179604571271234
2.958913097592841,0.7465462969484179,2,105,2.459293430067767
0.4501101468188322,0.28182352206719197,4,114,1.5361575324776309
2.2585341713478253,0.3852264347523511,7,70,2.2454605009692035
1.881917930961065,1.0261269234709893,6,93,1.3703607985107136
2.125102498334622,0.7942877105523769,7,83,1.4929223047105995
2.2655773871627862,0.5805357728766974,2,114,0.6145605021552467
1.6285437244020269,0.5387196326741024,5,68,1.4441208683939966
1.7231324662620735,0.11474288907538217,9,74,0.5725752452270043
1.2367506018029422,0.9658392628617644,3,60,2.0187965248359276
1.2371163095842417,0.5947138266955939,6,114,0.6307323151287705
1.579137574230433,0.16891852380088995,3,101,1.1918408950033885
1.988784369393929,0.44670847320709484,4,51,0.672849221525093
2.629575652443996,0.7031526420990666,9,59,2.2642712285641204
1.287093593118811,0.5327926312199507,3,58,1.9616419299614596
1.1116803861631834,0.7218632800287708,4,56,1.1990127441736376
2.4536444139104825,0.2255053633767267,3,112,1.3359798677409687
2.2111155443632153,0.6996160810867695,9,105,0.9548189917227579
1.5276175451644998,0.544375663959203,4,85,2.083399976906703
3.7389906987745913,0.34876175674893484,3,109,1.3572610939409515
2.752257296432704,0.2550555902739462,7,101,1.8380446746582166
0.10965405156652919,0.8160708138660495,7,84,0.7238718540430606
1.19221543623205,0.4915707111743379,4,108,2.087979432736012
0.2934935719435916,1.059349270024724,3,112,2.01350301137727
1.9707733200651116,0.671324445454331,9,58,0.9775924227630786
2.253977547784872,0.9492137239409892,8,110,0.6304091825209841
1.9744652042853104,0.610324514493566,9,88,1.5774035959054284
1.221242606880419,0.8224581151967233,2,94,0.6868159439505912
1.9956820989107724,0.5851793740758621,4,56,1.5466592623894826
2.735383147660163,0.7353527024692732,6,116,2.095828319231788
1.4654847315688047,0.5355675199287003,9,86,1.395205880640434
1.01695966515829,0.7748204525030938,6,47,2.2943726819292376
2.1701958707677917,0.28573962734545477,7,77,1.696225258738036
1.9247178812323866,0.9058987581709159,9,48,2.0971865447655027
1.742288339847949,1.1645314648137277,4,76,0.7352879763186504
1.3125277730405513,1.187257588353284,6,65,1.9503710960547815
2.9139081151793005,0.4553123182248352,5,103,0.8244668115649587
2.026179593232566,0.6801395843349438,2,64,2.2805161060356043
1.786468230388543,0.18734724310733247,6,105,1.1736810037222065
2.3870181927614764,0.22182328985085392,5,88,2.476131133305548
1.8116675024694224,1.0914256118521137,5,117,1.2155965306508836
3.0375956372488875,0.46872885210796,3,65,0.7258864168223471
1.9817055501608942,0.19589741461501428,2,79,0.7839439795219878
1.469828982509656,0.923708970659637,2,67,1.7418571349568623
0.37626090580833416,0.48761244127061976,6,55,2.1874746528134486
1.6087241712648743,0.44641154747426437,9,72,1.8633389648032401
2.2378477165446737,0.2838452126183434,5,45,2.1740822504858803
2.6970378379657953,0.863565630860814,2,91,1.1106213533934626
0.9232162558026011,0.3339088140082057,4,101,1.1078928024814476
2.411126279727132,1.0583249304893572,8,53,2.0768946865065976
2.1436654255516783,0.8314833938235947,3,50,1.841464623811668
1.226950091387894,0.5917610981870679,7,58,2.22912721904534
2.1201088930971075,0.7013130422065672,4,63,2.453600657021319
1.8499727039561014,0.1462271426885458,9,58,2.336153104398301
1.2459476868455475,0.4080410625055384,9,95,2.1520781033331438
2.6747314475168,1.1799785625866903,7,107,1.618369613658653
2.39617036249929,0.7910619215096094,2,63,2.245507679132256
2.271611587055072,0.6947683243094013,9,74,0.5922471286714677
1.483382919490745,0.723887857911324,5,58,1.6967149685955176
1.1570540646829168,0.9175125186047636,5,112,2.254478914324401
1.1457576627366455,1.0649879391087973,6,85,2.4780567167003476
2.447327431122548,1.0219674019071168,9,74,1.3583651867927138
3.8023095057758,0.3945543430371675,7,94,1.646698691270436
1.0192533080126376,0.34224783151504656,5,77,1.9751314981856536
2.6288725125928885,0.6777637332721761,2,112,2.2371030126405778
1.1036618720707065,0.4748972697688312,5,66,1.714179157437508
1.9120498277038531,0.7944383084011875,5,73,1.7792111223553637
1.3508082578131804,0.35760289149703417,5,89,2.4415324129495657
2.310976098440887,0.3889432068585169,9,78,1.4457942656218097
2.725486156100588,0.10321313588349822,6,56,1.7081433541424385
1.8276014381441046,1.0981181811841316,4,109,1.4009306033156366
3.837154461444151,0.616718139289752,9,100,1.681734882542083
1.5947115946403059,0.6907082371864941,2,90,0.5989937069873332
2.2383368522078424,0.4133988236840569,8,93,0.9370196687082606
2.230985915775968,0.536476531794948,7,53,2.133364350901436
2.6797734051236892,0.6847594110648738,4,83,1.6495591085288304
1.5397682320777841,0.1326350453712138,9,55,0.5897071360471373
2.6064849588139776,0.28172433327163515,9,63,1.3220421505310915
1.93022752126748,1.0983721028122104,6,56,1.8492157058324323
2.8415603246626127,1.1494364403435446,6,52,2.2257610058248245
1.2168358031141837,0.10231422749347176,7,91,0.6190494006955434
3.2897765026043393,0.2259364018724956,7,77,1.412473017911084
2.7174714526924255,0.5059583239370082,4,72,1.5991673134442872
1.835829620400643,0.45318920679575514,2,83,1.3253506521667933
2.6863064849051446,0.8107057925055692,3,110,2.2760781287202354
2.044460447998528,0.25275845903616867,2,83,2.24739718693269
4.037466625158915,0.8963703610127031,4,46,1.5599830458528374
2.4470158276485012,0.6857419693808612,4,109,0.6687847610890847
2.7340361653312963,0.53930562323416,6,106,1.6172847929008507
3.0125662726917604,0.8175208134511335,5,65,1.8849856533384506
1.3070601214283992,0.5729241851291629,4,89,1.050762348510837
2.800465854434383,0.5910614680417403,3,76,2.144844747336557
1.463503832738684,1.043318571427412,8,85,1.3619704410265925
2.6347909764417703,0.5082896657813903,2,77,1.5516251977466475
0.6011744214094552,0.6628495252396628,5,81,1.7914810201912246
1.8764275849056191,0.6689633198857651,3,79,1.1812083331625833
2.3444581376752396,0.1788830777324161,7,55,1.1224349901267872
2.771881306477966,0.501053101017294,5,100,2.476071932311184
3.2924662588385853,0.5994017833157264,5,94,1.4711793993187956
2.0043940401947147,1.1604191478294725,5,70,0.5779920251498232
1.6194357890150424,0.13405137001127787,9,95,0.5467041926563718
1.792963149866318,0.41816924916991993,6,81,2.411837657910638
3.2789177364037734,0.4453633891150881,8,50,1.705885752958923
0.768266784581344,0.47442581467995626,5,113,0.8082900863569742
0.8109783760397649,0.7090826338938122,3,97,2.167299923875171
0.5591538126778088,0.38526838704880384,4,90,1.8547746430374337
1.5658609602127826,0.3585409362842076,4,112,1.194554078061015
1.1418055794081547,0.5884481241224232,8,55,0.9146180063751159
2.1913974912889196,0.9606271624060959,4,68,1.741320959649168
1.6416684162504123,0.14340548617998924,2,80,2.313885617669668
0.9793343307440494,0.2456096169384697,4,55,1.206921481093565
1.563643200848205,0.9204460424897131,8,49,2.088421325098811
1.9607733012532176,0.40334432507649265,7,56,2.4392154536961907
2.0150242434531593,0.2030396627765012,5,114,1.6774630442626397
2.522969504204955,0.512862898711562,7,119,0.9064461821721745
1.5234709647652063,0.6624030084208262,2,95,2.2889051136484646
3.099550474536654,0.6015772033359306,5,95,1.704233970709559
3.0245875668483158,0.6241317221561219,8,117,0.6189431377345616
2.305471248672787,0.10348463343877191,2,116,0.6249151872381429
1.891796539685046,0.6614757379046553,7,105,2.3527652134601738
2.8028532481466284,0.12102770387274044,9,66,1.8754440848611214
2.7615682908078414,0.24787864234893403,7,65,1.217431050834027
2.8809246097978294,0.9848809284474553,9,79,0.9214099277344063
1.5715093292596707,0.11574680543376598,2,80,2.1682891940013516
2.685293683700542,0.9145237451488709,6,57,2.006855844513938
2.557682284726618,0.9427275260751447,5,79,1.7272082284749168
2.9459630612842433,0.19746518536664698,2,78,0.6552986693432101
0.687786688619747,0.17261082855426574,4,116,0.7219961975826297
0.6939532776063253,0.9890587310101443,6,78,0.5121774964796781
1.4272665193931737,1.026281881138437,5,60,1.456519768390447
2.268928037020833,0.2597161641731263,3,57,1.8337088420285357
2.341196655135751,0.5414366266416833,8,99,2.312222004264994
1.7287637574322086,0.4536452713726701,6,83,0.9520579956319994
2.063116877278807,0.7638424056477164,6,63,1.7956348919810567
2.0185109784785342,0.23521274631192632,2,99,1.5061679015596727
3.7499910634993654,0.7872622490683426,5,64,1.8652344424468048
0.9677084123657311,0.3661248483470825,5,97,2.1079170151050404
2.8481679259991037,0.25716355747335284,8,52,1.0428187608934287
4.2077280311288625,0.6463649650997411,7,78,0.7676567259993863
1.580729281652326,0.9235097575388199,8,101,0.5002693860089706
2.1218838976269776,0.6622420531609526,3,62,1.052339115641799
1.7376842267896657,1.0232723415916025,2,50,0.9936477384038045
2.124152547087183,0.9149944617672785,6,72,0.7037847761320271
0.923303261221428,1.0269830923766103,5,112,2.0778649435520142
1.3445937122228018,1.081059359291808,6,93,1.2546273228126472
2.1478506166113482,0.2276249494829862,8,73,1.2752976109112941
2.3683357835520384,0.7959830666234609,9,99,0.5087265393006182
2.4177949449984077,0.833023954936027,2,68,2.022075580501566
1.3468768111191665,1.1458499785044718,8,69,1.0961044172788863
2.16264235485526,0.8085641436235074,3,61,1.2201009318019567
1.7722535714619332,1.1524797970327147,5,85,1.4519354620233118
2.2305009893821635,0.9478586800902676,2,115,2.0351352570358365
1.3329318532481582,0.5581548750942669,6,75,1.9393076332210608
2.7470271302978744,0.9035459970546691,7,89,0.5718773498431067
1.739709697318868,0.5342077892293109,9,51,0.7514485379844524
2.110638951828648,0.6149695554311333,2,65,1.0748191929311595
1.7280683953846263,0.5045645865317682,2,93,0.7230244246425528
0.6049215066936817,1.0190282483164137,7,57,1.2581880973438724
2.0952147248431796,0.4710801014460019,7,58,1.3272853498372705
1.8471777899198647,1.0654117216158594,3,104,1.2952951591840722
1.7848043941573268,0.3939778927729548,2,102,2.2142591197125645
3.2521375460231017,0.7328909435767115,3,103,1.2651606471412709
1.098762550172962,0.5790583880194097,9,69,2.046283747837343
1.6254537669527644,0.6697565804838368,5,101,1.2434785898126606
2.131808672989213,1.0317669096822895,2,76,2.2971212093496787
2.0407101614848147,0.9615182546284884,2,116,0.9141898363531424
2.2496556782359742,0.7636209862864372,6,88,0.6156888988943212
2.119945336050713,1.1535687810870243,2,49,1.5614747105736717
3.0335573572534926,0.7174228972432429,7,61,0.9507625360135317
3.0790635363513204,0.31541639254769704,3,101,1.7448272831319933
2.3146153787761774,0.26165898054703063,6,116,1.771909414327457
3.130395804501464,0.526982276739695,5,119,1.0198099584856657
2.510814288475588,0.4195549562385624,5,101,2.2802822747920293
1.8105851176287522,0.8784934852942801,3,70,0.7946060885579407
1.1287359070817562,1.1537275331624475,4,59,1.2085355296820932
1.8753428205367177,1.1439783159463284,7,113,1.7418171804354161
0.9539404928871991,0.6044577378652239,4,50,1.3910832774837818
2.1533287133878263,0.3301040119487206,4,77,0.7739981261073428
2.0081400565931444,0.5310441260499867,5,114,0.7177866279620781
2.1479538262995272,0.8001925114286897,5,92,1.3133481399971663
2.0248183495998457,0.34102922741693226,6,62,1.687121870757572
2.498817682360607,0.1803897182297165,7,70,0.5283800987915344
2.4281131483642566,0.49054516209715404,2,87,1.5429192774429439
2.607510351447326,1.175038698790654,8,52,0.8233428724739238
3.4434784878293945,0.37207434740099166,2,87,1.8332009580932385
1.847276966618161,0.27896971818942246,9,88,0.5242062335522149
0.999673812824226,0.4538369886255035,3,99,1.9577228845398937
2.4836122610842937,0.20493920504453167,6,71,0.5583395272905289
3.6797774313332123,0.2303528859579667,2,98,1.2956732510043139
1.8023794394032027,1.1114841271216547,4,45,0.5898225979912317
1.4805015693428591,0.531704004852428,6,79,0.6154058568317977
3.0570432258184095,0.5888018841656658,3,61,2.0750981717175585
2.3251819817907347,0.49443630767736046,5,109,0.9807978257870138
0.7363075940752983,0.31075224030830834,6,64,0.7036073658990738
0.7789832026222303,0.1428229596582342,3,109,0.8504435442116547
2.0260604619268494,1.0534473899566001,6,85,2.400918341150591
0.7678018943751386,0.7380977181364,4,70,2.1793193114175806
3.5867089878813694,0.25819578534629506,8,91,2.307515143550284
1.7472330188434797,0.939419199961439,8,59,1.589011538098456
2.8825045648557928,0.3249069746601829,9,85,1.0913893480832084
1.6559206369904436,0.799646715657965,4,112,1.0904836049792843
2.0690842524002964,1.067446227800939,2,111,0.6901060910653856
2.7195480326045773,0.48786286652174393,5,111,1.5313188117129068
2.595667221759743,0.6096230186000764,6,67,2.3620199417705994
2.762419317716189,0.6852238468826769,6,104,1.5450203621711769
0.23394901976778715,0.1600978620010695,3,84,0.9522506624993439
1.130203248909758,0.35345832832908486,4,91,0.8822374189920053
1.1313398968918515,0.4410929921770306,4,80,1.9837926539174302
1.7986154544059958,0.43322399620447216,7,69,1.0056272121784011
2.9068987774872395,0.39858243539762017,2,91,2.1133870393894787
3.1677855000303525,0.8271156796720522,4,75,2.0076594011384374
0.6239179592417452,0.12273850578109491,3,53,1.0376934849056867
1.7401812213766599,0.4978812803455387,9,96,1.7643189983729148
3.840316514148137,0.24293550949473533,6,109,1.9169793949855947
1.035390297235569,0.2982153295409627,8,114,2.341989042193152
1.8551950890723088,0.8640549699786138,8,101,1.048143178684382
1.5712326836725667,0.47987614746937657,7,96,0.8146525600036565
2.432019385293538,0.23076183029477917,2,91,1.3706484429104724
0.4956455559001296,0.6307504622588966,5,76,1.2744745423561918
2.394537602561377,1.097229431739379,2,87,2.1779946554360214
1.9517688068867105,0.358470745495548,4,73,2.1342562840311703
2.363836135713904,0.7010733476856319,2,84,0.6033374433159222
3.455378546639777,1.0489045182640968,6,108,1.9288215272531966
2.0319491177717524,1.1477138283566315,9,87,2.2305915178178246
1.6169300351932767,0.4190500851586806,9,66,1.845405988417796
1.3097793887655036,0.9763495369105094,8,100,2.3705941970906554
0.9236121309982221,0.27909655464455013,2,56,1.0752654580873564
2.5456476068614404,0.43745425947435523,4,56,1.7425848980992202
2.97419878852096,0.5449801241312566,7,103,1.2117095185184228
1.305247176598281,0.19231148940357234,2,63,1.855081891007068
2.131795029971508,0.963348005254768,8,58,2.061991787229983
1.9675853199713664,0.9637956926676166,6,64,1.0557055521794245
1.5943395075811955,1.1784056150364035,3,106,1.53740198876119
0.6652387584711617,0.2973011502134315,7,102,0.7266070094549284
3.2108783797222227,0.8750098708301897,2,93,1.1930483359054365
1.5093113499853736,0.5373736164081576,4,47,0.9106658774135996
0.6020375322439477,0.41620783138697515,3,82,2.4370746633997844
1.8975666349803109,0.7640009206153124,8,73,2.351044415703762
1.9066960540796845,0.8653772254209893,4,110,1.0348040557150826
1.4215298162913101,0.11662175263592255,4,50,1.001786091382205
2.9519291177929343,0.7710081587874341,2,103,1.0421925075281315
2.8109405924350908,0.7574351109729733,6,112,2.393467457846791
1.8280717158799376,0.7463444582203419,3,74,1.8602237708939453
2.2214347594602306,0.5489668599533679,2,89,1.6658521136085263
1.7383054427289502,1.1533391165921991,5,117,2.1796032133288534
0.7011558095814934,0.3073946663241762,9,50,2.454013908877887
1.3084871432686553,0.9232227846438543,8,69,1.3680419454175177
1.8872576685779041,0.3845828063709851,6,117,1.3767699600615226
3.5722731693776675,0.870954399447575,6,84,1.8079881846796024
2.4318242071935656,1.000206523129471,8,96,0.5274911080226905
1.3729874675308826,0.39788696084066977,9,78,0.6250525914856915
1.4475671581469924,0.6048345682565023,4,106,1.7134634494348728
1.5359574069039656,1.146639781194466,3,82,1.2665684792844027
2.191523600428302,0.642851091369849,8,90,1.2948963137981833
0.6584732208245965,1.186425551575377,9,95,2.0414850618111036
2.074032492394898,0.570245215392435,6,50,2.099437527929722
2.6827091546632658,1.1067829034096053,6,53,0.5700158296136113
1.688936917353141,0.966110679505616,3,105,2.24744584036445
2.8437332630150105,0.6493749468535188,3,81,2.0679747173787106
2.3488655641018,0.5613285728336688,8,66,2.070195428191415
0.9667911191233558,0.7492559250659819,8,105,1.4390510840877253
2.341677853433334,0.13114240184293458,5,45,2.0288814561510087
3.3993793620217234,0.3862602577837523,7,73,0.6409838912862893
1.1854002845374176,0.30421137539136733,6,115,1.9411310972888123
1.832857210496338,0.9864289858796162,2,112,2.3491221107536098
3.01433770666551,0.5876371604688928,3,67,1.0097644978297646
1.782814825914452,1.0598993828015186,6,99,0.9321202324895328
2.1244179407639967,0.9902568381137885,6,80,1.764433195507898
0.8718871960157413,0.35496194931828495,2,105,1.2854614865428324
1.3755679214165395,0.7087083087247489,4,83,0.8877261358737853
2.334138958787029,1.021699212336984,8,111,1.3290321296335845
2.6775976701515667,0.11457613685430161,2,73,1.4183784674651236
3.2757872058535327,0.5232839789432135,9,67,1.3592171842647267
1.4889107776445014,0.9146887637838075,6,110,1.5637781580150283
1.458956636226699,0.6955065711729955,7,76,2.2817110699662937
2.7705959899092356,0.3656905258718499,3,80,0.7368300783518638
1.4644911577830921,0.2836241778992516,8,63,1.1713476660781192
1.1836763489342106,0.9243294980812748,9,116,2.472493343902803
3.1984756500568983,1.058615263514187,4,118,1.323729480834992
1.597475014355989,0.9289540938203281,6,94,1.1551043303602648
3.789039696678593,0.1243556230198924,8,92,1.711275778646823
3.10757795054431,0.22892429624825675,6,83,0.7856839296286637
1.2033476841678166,0.5310453105068286,2,111,0.9086327667979406
2.5209089934589257,0.6585855703546569,6,109,0.5362480820914595
4.096634472823981,0.7912691022760456,9,70,1.0065447670454302
1.110426379380669,0.11097665432429432,5,117,1.5713131986951572
2.2976843780854903,1.0276587845666714,4,95,1.071017560237023
2.311327356534343,0.6847351364524924,6,63,2.2099480391229487
1.927900207207191,0.1832697000407662,7,101,2.1070753189252067
2.818708465301921,1.0919514314008514,9,110,0.633947224050543
1.7794382456633069,0.6959370606943195,5,101,2.463414685042283
2.752556915058146,0.5955264286176548,6,89,2.4784355079155
1.9463942864451917,0.17700386334637236,7,108,1.7168178717600355
1.5429006228400706,0.877297689814356,5,104,1.9454755044776093
3.0315174907440197,0.10920005006454281,4,46,1.823368576799713
2.774405179952507,0.6323883049977218,5,75,2.108989284863645
2.214827189171847,0.17310965835389933,9,117,1.667427175462728
3.210407412803191,0.9601559748737549,6,106,2.1060041439156745
1.0845908548866334,0.8382732207176574,9,88,1.9845063743981743
2.045832283562413,0.2868691066558088,2,50,1.9999555969041416
2.157833812504965,0.756870836589332,9,80,2.2051699098766857
2.249046938754308,0.6958110600384357,7,86,1.11380902638914
3.3124268567138957,0.5248331920987337,9,103,0.870745558165023
1.4755368021363369,0.7597484464675477,3,54,1.5141192934774366
1.2737950558824638,1.0040140412438952,3,106,2.092482901082737
3.215427138913415,0.39914064336029365,7,111,2.3781369589005834
0.8623947800739735,0.39646304852149983,5,65,1.8892819177874556
2.8840485838423273,0.34058717429772,5,51,1.0292700538507147
2.8356111889947684,0.9558277674591183,8,114,2.073416681414618
2.4297427421006086,0.9510288213852323,5,77,1.3646924528066946
2.279720037839755,0.14287725272724344,3,92,1.1460546915081877
0.7481577829103558,1.0877111056534323,4,73,1.372839197459186
1.4644194999286853,0.9228052100085437,2,98,1.9136757115610823
2.2201770310062643,1.163989946279002,4,64,2.3061874557530766
3.95956783916648,0.43443329969279953,6,79,0.5448517783241102
1.0589573944613848,0.49646950985563465,4,98,1.6323613824501417
2.865413382138263,0.35521999833969176,7,75,2.0287067728728547
0.950224645254875,0.7861173933504099,9,76,0.7652891552019063
1.8363025989881052,1.1322551182439584,6,54,1.2811872151635644
2.003850645901428,0.17626116342654125,6,63,1.3845876109022706
1.3452570672463988,0.35176300873184885,4,68,1.258255316751294
3.225894179742493,0.5086345380253776,5,113,1.766145306999026
0.9137672837936985,0.7524740409434149,4,76,1.4095286851053221
2.9516120341320335,0.5104348802646219,8,119,0.834714064473562
2.936896504827142,0.6503953908371166,2,103,1.8942716117836185
0.9506537996265729,0.27182722555528416,9,115,1.6986042322788755
2.6941056671249086,0.29729161131816506,5,66,1.4103439834673128
2.762078715719125,0.28670127143461543,5,94,2.0582051727915736
2.378954509385782,0.7706671676678775,4,56,1.4097448856057364
2.471687637353622,0.8029353748064127,3,57,0.8073820856884091
2.213529661191515,0.7298679561702246,7,110,2.342615024425951
3.404380558652392,0.49041712696471096,7,64,0.5634875307459772
3.258415780171885,0.5656686585685172,7,99,2.2658296330374443
1.0955077320499789,1.0492965144947592,8,100,0.8933071699059174
2.498168979120215,0.9111686943477448,9,117,2.4944757998072054
2.2309231446459874,0.6115104692790703,8,64,1.195014164850362
2.059821014337575,0.5789330107933092,5,93,1.8386172183237584
1.7401341010645446,0.7070648500633041,3,94,1.3324361176906987
2.5250859605034326,0.28492994123922544,4,64,0.6104450414860569
2.9855875770157088,1.183834215516014,2,84,0.7288630372247171
1.1880521549522864,0.24264687604665888,8,72,1.2106394969477754
1.3910508921484195,0.8413936289603033,9,80,0.9210138793306859
1.6964764008113264,0.4769096611747736,8,66,1.4690759901600217
2.2656521993315253,0.43266146240639003,5,90,2.1076097809669503
2.1891342898879462,0.6560596364288502,7,68,1.7479969710579648
1.1495856067384027,0.40100445964684883,7,61,1.3834929832754141
1.967395320122703,0.8867051002582652,6,100,1.227619282281867
2.151385583924742,0.3097985863499841,2,92,1.5944750408412862
2.1391689197485664,0.9416763616984428,9,64,0.5316463439936416
1.1687411468865752,0.6750361557180566,6,117,1.4851381415065952
2.9975133724277754,0.49754415697390497,4,92,1.313609601903447
1.9503967925071746,0.46105641624617333,5,103,2.024893917349737
1.8052928164999855,1.1465893082294012,6,50,1.6354546358621092
1.7601294429800955,0.7372459133281316,3,58,1.7894904971536372
2.236499590997676,0.5093905807715868,9,103,0.7824470867462989
0.7866859604633669,0.7279651585234238,5,97,1.0572861262300728
1.5136997914593457,1.0082820467167337,7,82,2.439853050690382
1.568701837480817,0.728386516930807,2,50,1.2490964867591625
1.5741501872561678,0.19571894013306762,2,103,2.1902417029920693
2.956111343866749,0.9755190258578526,7,96,1.8455292288249334
1.4540872045712838,1.0614789506357036,8,66,2.0033523440458385
1.4585366268903908,0.7858256135712259,3,93,1.754657870181356
1.4901538023769643,0.6041559540463329,8,61,1.087898202033795
2.3667093628411875,0.36079317936907407,4,67,1.0829218269875878
1.4750432360892454,1.0992780070673127,8,72,2.0211512849105646
1.4136856914182192,0.26994142440541835,3,61,1.9081665426426782
1.8613430765995618,0.8789340183906879,3,57,1.848799303627963
2.485845890688032,0.9391826691098004,9,99,1.7932008878973238
2.561060003654208,0.6151632045271948,5,97,0.6004860196459643
1.0983220385224328,0.1384027079218462,2,101,1.376357226496689
1.7700419844797155,0.12746882832875456,3,53,1.1720141179802175
2.2298631235224073,0.6122507959385074,6,101,0.8782782000459692
2.179879052836511,0.7718478037535423,3,106,0.6110500656183011
2.3883716197173936,0.7253113883587338,8,61,0.9215628987093765
2.9021696065559035,1.0185725400005219,9,50,1.2317716191137609
2.1428724139142425,0.4498545298060105,6,108,1.36222481019401
1.8025994703208994,0.560440514084638,9,93,1.1644111418946432
1.6251448617614401,0.4231534967918298,9,72,1.6945848407069386
1.1236532341643306,0.4252199957737338,7,81,2.269710235392009
2.436858810509689,0.9129736735333097,3,93,1.0632320842112635
2.7930069265536708,0.7849584950447771,7,102,1.0562583109732249
2.8307021238121193,0.25648076375449697,9,72,1.0220970524696962
2.797256408463558,1.1290329648802453,9,48,0.8969821492106982
1.6268036966174417,0.28137325422165227,8,60,1.9202652811290746
1.2958238473421382,0.5936566843940763,8,78,0.8787868357696922
0.9917485669251251,0.10552920787078343,7,117,2.0023542739080855
2.3733367855728646,1.0947957524932428,6,111,2.014096229397251
3.2168049817275044,0.16116607384850667,8,79,0.9248945543909459
1.2408667833401301,0.5426468852292429,8,94,2.2911256962636775
3.3978905583324464,1.1000927904589444,8,92,1.8821116254785235
1.3403886707778612,0.3030957030821061,3,65,1.3599152395596434
1.5131282214082398,1.0140440881605752,7,106,1.471634857825263
2.278631464079807,1.1448896350706834,7,96,1.9677662616050826
1.4140252343906765,0.7954619659546469,9,49,1.2102632955076251
2.0344664064195084,0.21643855946569973,4,67,1.8993798181174169
1.7947592155577008,0.5519428010245461,3,96,0.5216221672703927
2.373372987204146,0.21489996991016652,6,97,1.4279633963337748
2.4050935820210038,0.2305800050600226,6,113,0.6344683601811223
3.213115244202858,0.13568779065190567,7,55,1.5645837519029089
2.481694656313987,0.21359150976255326,3,116,1.0927152270265768
1.9472203032873519,0.4822706748451301,8,75,0.6055305157192052
2.360524444267724,0.8612123815413201,8,66,0.9530432520722114
0.8668530974430448,0.7353949297788648,7,86,2.147104453223638
2.5225544884642477,1.0027657768434572,7,52,0.8166078002112287
2.064565301109393,0.2716393924739746,7,89,2.1818174208058143
1.4950481844452956,0.34336256609067034,8,116,2.116811477787382
1.670858714307198,0.6050364256153489,6,79,0.5335126089847648
2.923120587404598,0.8471190663212862,3,93,1.3415224035318516
2.512317747929342,0.4429823506513455,7,114,1.8083203085721968
2.119177559461768,0.7811629352589398,5,61,2.356203671019573
1.6480296700747388,0.36305679997797546,8,63,2.047144203461441
2.439759534648804,0.14844441732731084,4,79,1.2093324099701657
0.2517625221320752,1.0170084115226894,9,68,1.7236620402064429
2.9150693811363126,0.5108037396459757,4,94,0.7117486364262586
1.1445705156649397,0.8434052176144808,7,81,0.6402162792825139
0.5704434149281212,0.5347852469742735,5,84,0.8136254106336114
1.0401122222563213,1.0672632372463213,8,47,0.962761272753696
1.7661958276449279,0.652670015883014,4,75,2.4162360178388678
2.2828382905589413,1.1277345255842393,4,101,1.071399188089529
1.7952555506641974,0.20051151534645012,7,62,0.5861048054313371
1.6090498958791928,0.5882942155519028,7,89,1.8161099677224415
3.079301078534725,0.10886501367633178,9,48,2.0362563567617644
2.01639441034082,0.7303464206809172,9,107,1.043997210688712
1.9244330284463977,0.9012079397736105,6,76,1.842186314171952
2.3356879776192945,0.9859730473505769,7,109,1.300424551699344
1.4344859456101209,1.1893655341730132,4,53,1.707057613002242
2.6844445272165696,0.8254565798164597,2,62,0.740775157578178
0.9654867649930818,0.43793805872339797,9,74,2.0525809550318956
2.4579122489405405,0.24355139052890262,9,69,2.094422145157526
2.7542769373861837,0.47459931902788655,8,85,0.6047825911897224
2.8882791839314343,0.2755873915753839,9,54,0.9676256661861282
2.392966132329597,1.1191101777518033,3,98,0.9273962831406568
1.713576496202411,0.5620044814895454,4,62,2.2159101818301146
1.4469004020688514,0.37266069460126594,3,104,1.2953688288661094
2.836107638707415,1.1711804546928644,3,103,1.5707358823633024
3.2514156151568248,0.2451618515863579,8,90,0.8888952888633772
2.3288213238549824,0.20251573151896415,6,87,2.111297610726684
1.4338992841423792,0.9990358434345603,6,80,1.4001172788524505
1.430260908659165,0.4711997068606518,5,74,1.059491935538142
2.97037818338095,1.0576972696318394,6,81,1.95505846045019
0.998593850910606,0.6328303041609341,8,90,1.6055247360671663
1.4791487984681022,0.42603120756281176,8,73,0.7984989394829478
1.4928436720852651,0.39499180451940463,5,46,1.3169111628169652
1.6880610347524438,0.13813997464867303,6,63,1.894327384275961
2.1264427919361055,0.3127788772521308,7,66,1.1746219083024552
1.410558635742897,0.22225086206521366,7,114,2.250236089116094
1.7066147615687846,0.9695725612988407,5,53,1.5911642435841329
2.3742613801887664,0.19022605373261792,5,88,0.6624592696133453
3.6650157030133785,1.1918399750365396,3,51,0.7345602956008901
1.6293421081307153,0.9378434638350287,6,105,1.775803749105923
1.1722739036504533,1.1836920105997422,9,110,1.3687229962824354
3.6914653717840764,0.8319017292607946,9,60,1.7897224456299599
1.23726487809786,0.12588574385550866,8,45,0.7583488904862208
2.1739706658592235,0.6759606018678728,5,119,2.483925494477287
1.3248793704703186,0.4234742083944556,5,97,2.0307267277160816
2.4690663804625093,0.21312685137322437,3,119,2.458303110201231
1.683099121608617,0.841222788097005,6,111,1.148658754703036
2.721298700847491,0.7634651321352416,9,46,1.6507183462581971
3.3507537245969052,0.5719686062329324,7,72,2.037162661826404
2.583127324450226,0.3566661049142593,6,86,1.0021602073303355
1.1701874072298173,0.8154677737062507,6,66,0.7440148271537781
1.4742801353691486,1.1966001404482909,9,110,1.3227491428251787
2.2738809432236855,0.2390250646462338,3,117,1.7454645645856666
2.3464927710984886,0.6309848203846278,3,109,1.8456942669770895
2.3107731320386327,0.8966799802490464,7,71,1.7668234804842542
1.6637130228376094,0.9865767909543419,6,72,0.8318020487415725
3.0061553777949865,0.12715257294704307,6,54,1.5933926565926797
2.301057421624946,0.2657562357009171,7,80,2.482907135685584
2.2489727183611916,0.8995227141530612,8,105,2.300528222404141
2.510928134914482,0.8475965006346579,3,82,1.091648194993072
2.84649466006972,0.10122330361580616,4,60,0.935782759253488
2.949387696141865,0.7528075209751961,8,114,1.8692523885299326
3.149068324564783,1.0929760614898918,8,58,0.7547389468957622
2.161831245109031,1.1166797020634276,7,88,1.7995760935285992
1.8070378001598835,0.2137775263465317,5,87,0.5000614376907648
1.2669807195490201,0.37992946478008627,7,106,1.5805988135229994
3.0843542408843967,1.03626580896858,4,79,2.2975757794746956
3.0657512886086282,0.5224469022302104,3,89,2.477671062778329
2.1812735931942484,0.34830049622304016,9,45,1.1298368891777915
1.9747901404615817,0.6850589431555181,3,60,2.4911378009813756
2.219793522197076,0.7409858942791496,2,102,1.452922542478799
1.903122649227365,1.0455120366097304,9,73,1.8893075456203507
0.39457704978681485,0.5011377438577702,5,79,1.8332341697587446
2.151651085147705,0.3824178459407338,8,48,1.351875416933879
1.2057878593985434,1.1941525817161358,4,89,2.060695725480317
2.8997566854375165,0.43828277503950197,8,97,2.0930170394474166
2.5842616047386633,0.35579546478294044,9,116,2.426959894948655
1.9568761207954086,0.744120101672632,5,53,0.6720643140658864
1.2141571356981484,0.1627296054039813,8,95,1.671175367745225
0.7608315799572198,0.8015515560301506,4,55,0.5831579196931875
2.2063807849769446,0.6479429379028465,9,50,1.0046238541393742
2.7310172971084685,1.0877288227881106,9,116,1.666260438199167
0.7634161706474134,0.903243889532974,9,51,1.7819310561975155
0.9073406756676488,0.8719121012649828,7,56,1.2172431639071828
1.8808245521861624,1.1024731090864939,7,97,1.131546302498992
1.1789046338672864,0.8432291924277803,4,93,1.8522100516287037
2.98400045817532,0.43796285803249246,5,98,1.600943554205881
1.4766397720994582,0.7377042827476111,2,70,2.1315388092702143
2.8338883699942454,0.6134009031447454,2,80,0.8321050429630727
1.9990825687396292,0.21697102708304988,7,74,2.382096520076754
1.422345605603498,1.0599205793936608,7,95,0.5003730563413262
3.210675601711576,0.6031873614568769,3,82,1.4107662709612152
3.1852126342732667,0.5564564796876484,8,66,0.7707108699465681
1.5840534124059678,0.388717643633391,9,94,1.3029235581780865
1.6063439432410833,0.4718928503028875,2,97,1.8512426191964866
2.086817020857885,0.8680182737441496,5,45,0.5839281468872686
1.6657293407029172,0.5000098948113946,6,79,0.7329556993466741
1.3155462108613767,0.6829673751235625,4,71,1.6855418817403696
1.1776505911413286,0.2631963710184685,5,73,0.7869389140360401
1.8226491360007462,0.7552478065776824,2,83,2.3791371780503314
1.0805027118273016,0.9306469791897154,8,48,0.9015419495133572
2.8223056752166014,1.1073670633995398,5,62,1.1139445644180364
1.4779926876634208,0.31471688102907075,6,45,1.1461994033326746
3.233338249437094,0.9818527225104353,4,62,1.6612904518192682
0.7364680084055517,1.1295309730734153,2,86,1.462555902438474
1.4600527849675582,0.5838412036852183,5,88,0.6091308165653979
1.6775392087479752,0.7594072536245882,4,82,0.9326655552616541
1.514116453430231,1.0025363429283023,5,112,1.206205777876779
1.9382231638215635,0.9797617008903615,7,110,2.151864617100032
2.9929178751029815,0.7584192925395359,8,60,2.2325848719643626
2.458949624002043,0.2810912710845356,9,95,1.751301578854553
0.9693539060291698,0.16554580708845806,8,113,2.027384538700641
2.2341723857134825,0.675741508014209,3,83,1.2476162177340049
2.344896771277927,0.3685777695877682,4,50,1.2702052056460593
1.4917667162511279,1.0402863566791876,6,63,2.267129456740381
1.3368579095960835,0.6218783829828084,4,111,0.6423113577558195
1.5026387550088898,0.7312524346448058,6,111,2.256067025688914
2.4375688763706322,0.15356433323992275,8,115,0.5881317231407628
2.055076585027082,0.303804535366894,9,88,0.5911703158973376
1.6363618250052445,0.28687578054096297,2,104,0.7465675585978937
1.8250773780519711,0.6704178575323072,2,80,1.216279433058289
2.7822524397489605,0.1844338680776118,5,107,1.840868667593835
0.3154824465277404,0.8060014684815787,4,76,1.4792881520640653
1.7109515504261676,0.4689087668392087,7,111,2.43560547529697
1.9486526709689447,0.7048505962008379,9,92,0.7295071988276709
0.9714540654026582,0.15607236472468666,3,110,1.675394036575092
1.970150073402692,0.22360093014388419,8,107,2.0632651161064945
3.608385307673262,0.8122037348201004,4,79,1.1498455888132826
1.2074439032447204,0.8560251188407692,7,89,0.9493147952835332
0.7781634476577526,1.176042735379214,8,100,2.098315942209564
0.6382924800202381,0.46761198559042083,8,104,1.65671952623308
2.347816051645513,1.05306550189367,2,81,1.8841011060794897
2.380344546021299,0.25398611439393914,4,84,1.597176830109377
2.402195845992652,1.196178939678481,9,72,1.8509120906728511
0.005383343735937851,0.5356010630241766,7,116,0.8174735267486191
1.5345743732863568,0.8361409329173533,4,67,1.6780401819618231
1.060896028472822,1.1325312946227095,3,65,1.4434796750368781
3.6766748014473274,0.331117912203587,4,91,0.5503981896421393
3.2755539133993574,0.4903150410974789,3,92,1.6277858421108047
2.7035336329099224,0.7241300385716807,8,65,1.9700503723796468
1.1380991384121932,0.771118714239858,6,93,0.7663642513350468
1.574836358912628,0.7592292157070274,2,110,1.076369051919059
0.7457124597076352,0.10711079356868161,7,119,1.0712519771244862
2.512434348059819,0.29185019382264943,4,68,0.5618617627871321
2.098462561324945,0.8858555116175474,5,79,2.2931493169380204
2.183259750564562,1.0797243010080266,3,63,2.116789764608046
2.8594544101724493,0.7728110613289916,7,117,1.6442459274444126
1.5422447437652451,0.3185090345871463,8,62,1.1128308987020727
1.3679897583351392,0.7106471654285073,7,65,1.3529994944837223
1.4199226232206579,0.19656706076397595,3,54,1.5361549960806895
2.1600118809373985,0.3353941465681449,5,117,1.7096788587251623
